,userID,name,bot,minor,patrolled
0,5240463233746975065,Edoderoobot,1,0,1.0
1,6234451430270897948,Kvdrgeus,0,0,0.0
2,918490219861071828,Zaco9876,0,1,
3,3202729224075404963,Pazio Paz,0,1,1.0
4,2292502927616969476,Tahmid02016,0,0,1.0
5,8239240107329352915,Amasuela,0,0,1.0
6,5929856515590578547,Wiki LIC,0,0,
7,6987473619963675381,Ameisenigel,0,0,1.0
8,317754805787548309,Materialscientist,0,1,
9,6987473619963675381,Ameisenigel,0,0,1.0
10,7450768824033781684,InternetArchiveBot,1,0,
11,4574552388456724021,Monkbot,1,1,
12,3912760622060253827,XabatuBot,1,0,1.0
13,6669262979901594023,Redakingbot,1,1,
14,1340079001984826608,MNXANL,0,0,
15,8644938531530126944,37.175.100.59,0,0,
16,2466876486544522748,Robbie SWE,0,1,1.0
17,937559839229791716,CamelBot,1,1,
18,6869405162831187091,ArndBot,1,0,1.0
19,2292502927616969476,Tahmid02016,0,0,1.0
20,3574612867889303152,CyclingInitBot,1,0,1.0
21,4795151330671968938,BorkedBot,1,0,1.0
22,8630305869717388673,LogainmBot,1,0,1.0
23,6116581458417464939,Johnsoniensis,0,0,
24,7305436989528712952,JarBot,1,1,
25,8239240107329352915,Amasuela,0,0,1.0
26,7644058130306274713,Olyon01,0,0,1.0
27,1317167612443317841,SchlurcherBot,1,0,1.0
28,8239240107329352915,Amasuela,0,0,1.0
29,8028130410020785589,83.249.79.5,0,0,
30,3762752848689385,Bop34,0,0,0.0
31,2018323997834511089,84.236.38.175,0,0,
32,4790363204016269764,31.27.161.68,0,0,0.0
33,8239240107329352915,Amasuela,0,0,1.0
34,1317167612443317841,SchlurcherBot,1,0,1.0
35,2351319795342783773,Twofivesixbot,1,0,1.0
36,5240463233746975065,Edoderoobot,1,0,1.0
37,8239240107329352915,Amasuela,0,0,1.0
38,1937233717787284054,Herodotptlomeu,0,0,1.0
39,6166328462330005621,赤白読書,0,0,0.0
40,8230683776252843696,BotMultichill,1,1,1.0
41,932852499803436634,H005,0,0,0.0
42,6987473619963675381,Ameisenigel,0,0,1.0
43,2292502927616969476,Tahmid02016,0,0,1.0
44,5300372192930001387,2A02:1811:D41C:4300:3DC5:DBAE:B9B2:572D,0,0,0.0
45,7450768824033781684,InternetArchiveBot,1,0,
46,7305436989528712952,JarBot,1,1,
47,8239240107329352915,Amasuela,0,0,1.0
48,1409071215779030935,Belwine,0,0,
49,2292502927616969476,Tahmid02016,0,0,1.0
50,6669262979901594023,Redakingbot,1,1,
51,8714941210391126980,Lockal,0,0,1.0
52,8230683776252843696,BotMultichill,1,1,1.0
53,1940305386981896236,PePeEfe,0,0,1.0
54,9139463597064556756,Anonymous Agent,0,1,1.0
55,2292502927616969476,Tahmid02016,0,0,1.0
56,478496148108916557,2.14.94.109,0,0,0.0
57,6987473619963675381,Ameisenigel,0,0,1.0
58,6987473619963675381,Ameisenigel,0,0,1.0
59,6987473619963675381,Ameisenigel,0,0,1.0
60,5240463233746975065,Edoderoobot,1,0,1.0
61,2292502927616969476,Tahmid02016,0,0,1.0
62,6987473619963675381,Ameisenigel,0,0,1.0
63,4654943717923765900,Patriccck,0,0,1.0
64,4294766744937893683,Wiki13565,0,0,
65,1049684093441460765,Artur 10,0,1,
66,6987473619963675381,Ameisenigel,0,0,1.0
67,2504533905259273725,Caulfield,0,0,1.0
68,8230683776252843696,BotMultichill,1,1,1.0
69,2216369191995707984,2601:192:4C7F:2DD0:6CF1:C95A:B3AF:D39B,0,0,
70,2292502927616969476,Tahmid02016,0,0,1.0
71,2351319795342783773,Twofivesixbot,1,0,1.0
72,1317167612443317841,SchlurcherBot,1,0,1.0
73,5732628280226063716,Стефанко1982,0,1,
74,8714941210391126980,Lockal,0,0,1.0
75,7992837170853834961,BotMultichillT,1,0,1.0
76,8239240107329352915,Amasuela,0,0,1.0
77,8714941210391126980,Lockal,0,0,1.0
78,2677351407005500791,Cortix93,0,0,0.0
79,1317167612443317841,SchlurcherBot,1,0,1.0
80,8239240107329352915,Amasuela,0,0,1.0
81,7450768824033781684,InternetArchiveBot,1,0,
82,8591522909470001545,Xyzabec,0,1,1.0
83,8714941210391126980,Lockal,0,0,1.0
84,6669262979901594023,Redakingbot,1,1,
85,4574552388456724021,Monkbot,1,1,
86,1317167612443317841,SchlurcherBot,1,0,1.0
87,6987473619963675381,Ameisenigel,0,0,1.0
88,1545570808455301376,184.145.225.36,0,0,0.0
89,3919020167470828939,92.200.254.120,0,0,0.0
90,3666647943246486718,Wladimyr Valdivia,0,0,
91,2292502927616969476,Tahmid02016,0,0,1.0
92,6172622889543719248,Simba16,0,1,
93,8239240107329352915,Amasuela,0,0,1.0
94,1317167612443317841,SchlurcherBot,1,0,1.0
95,1317167612443317841,SchlurcherBot,1,0,1.0
96,5865121005045589451,Sundayclose,0,0,
97,6241103290469880331,Wuselig,0,0,1.0
98,2306805122097733707,Dmytro Tarnavsky,0,1,
99,8714941210391126980,Lockal,0,0,1.0
100,8239240107329352915,Amasuela,0,0,1.0
101,7592921484795282275,Cédric Boissière,0,0,1.0
102,7831655453932571919,Tohaomg,0,0,1.0
103,4795151330671968938,BorkedBot,1,0,1.0
104,8748904186612424847,SL93,0,0,
105,2292502927616969476,Tahmid02016,0,0,1.0
106,5744399800150651723,Bjankuloski06,0,1,
107,8714941210391126980,Lockal,0,0,1.0
108,7408526233762913835,Mbrickn,0,1,0.0
109,8239240107329352915,Amasuela,0,0,1.0
110,8239240107329352915,Amasuela,0,0,1.0
111,673142731505581628,Terlines,0,0,
112,2402928339453391372,BerwaldBis,0,0,1.0
113,2292502927616969476,Tahmid02016,0,0,1.0
114,8714941210391126980,Lockal,0,0,1.0
115,7861961492397079405,Рөстәм Нурыев,0,0,
116,8451876276948892338,Y2kcrazyjoker4,0,0,1.0
117,7493032221014345000,Luistxo,0,0,1.0
118,2627917240160940631,EmausBot,1,1,1.0
119,1317167612443317841,SchlurcherBot,1,0,1.0
120,6987473619963675381,Ameisenigel,0,0,1.0
121,5240463233746975065,Edoderoobot,1,0,1.0
122,2518398562422904695,JasonAQuest,0,0,
123,7912792241943023481,Artifiend,0,0,
124,6987473619963675381,Ameisenigel,0,0,1.0
125,8714941210391126980,Lockal,0,0,1.0
126,4795151330671968938,BorkedBot,1,0,1.0
127,7450768824033781684,InternetArchiveBot,1,0,
128,2351319795342783773,Twofivesixbot,1,0,1.0
129,5151010029118011517,190.239.191.205,0,0,
130,81248608541493038,Shkod,0,0,
131,1730465958673017358,Ramone5201,0,0,1.0
132,8797447437611935971,144.223.142.102,0,0,
133,3298865048539176109,Lostinjap,0,0,0.0
134,4564994667645939875,Popik,0,0,
135,1317167612443317841,SchlurcherBot,1,0,1.0
136,2292502927616969476,Tahmid02016,0,0,1.0
137,8239240107329352915,Amasuela,0,0,1.0
138,7992837170853834961,BotMultichillT,1,0,1.0
139,7344405175736245637,Ulanwp,0,0,
140,8629698073218601016,70.59.76.105,0,0,
141,2795250176450746891,Mr.Ibrahembot,1,0,
142,3415801052289263367,186.95.242.99,0,0,
143,3729662531986110702,Kiran Gopi,0,1,1.0
144,6987473619963675381,Ameisenigel,0,0,1.0
145,8230683776252843696,BotMultichill,1,1,1.0
146,8714941210391126980,Lockal,0,0,1.0
147,5384221285094283332,83.23.193.241,0,0,
148,8239240107329352915,Amasuela,0,0,1.0
149,8630305869717388673,LogainmBot,1,0,1.0
150,552367692190814915,Oursana,0,1,1.0
151,1317167612443317841,SchlurcherBot,1,0,1.0
152,6668453146893651312,WFinch,0,1,1.0
153,8239240107329352915,Amasuela,0,0,1.0
154,2795250176450746891,Mr.Ibrahembot,1,0,1.0
155,4795151330671968938,BorkedBot,1,0,1.0
156,2292502927616969476,Tahmid02016,0,0,1.0
157,4242000043975576768,GUtt01,0,0,
158,1317167612443317841,SchlurcherBot,1,0,1.0
159,6972514553934846974,GerAndino123,0,0,
160,5862111815767723166,Homobot,1,1,
161,2493953192581797931,João Justiceiro,0,1,1.0
162,6869405162831187091,ArndBot,1,0,1.0
163,8630305869717388673,LogainmBot,1,0,1.0
164,7631529814663840383,TFerenczy,0,0,1.0
165,2270109330070556926,מושך בשבט,0,0,0.0
166,6987473619963675381,Ameisenigel,0,0,1.0
167,7442413770314056331,Zelenymuzik,0,0,1.0
168,4466800397405121565,Jonnie Nord,0,0,0.0
169,7459997295171061452,2A01:CB00:E80:1800:5061:2F04:BA0:A3D2,0,0,
170,7326777065405501319,Yger,0,0,
171,5240463233746975065,Edoderoobot,1,0,1.0
172,848501901240825834,64.222.180.90,0,0,
173,2292502927616969476,Tahmid02016,0,0,1.0
174,5240463233746975065,Edoderoobot,1,0,1.0
175,5862111815767723166,Homobot,1,1,
176,2795250176450746891,Mr.Ibrahembot,1,0,
177,234931566822423539,ThoughtIdRetired,0,0,
178,6987473619963675381,Ameisenigel,0,0,1.0
179,437524769986092026,Morgan695,0,0,
180,220100738557623718,Cruzate1492,0,0,1.0
181,1862257048937271013,KylieTastic,0,0,
182,8239240107329352915,Amasuela,0,0,1.0
183,6669262979901594023,Redakingbot,1,1,
184,8239240107329352915,Amasuela,0,0,1.0
185,8558673523872630250,Amanuensis Balkanicus,0,0,
186,4933572390787795357,Gce,0,0,1.0
187,2292502927616969476,Tahmid02016,0,0,1.0
188,1646058030890737755,Badzil,0,1,1.0
189,7566962494304908116,Serg9887,0,1,
190,7450768824033781684,InternetArchiveBot,1,0,
191,7985363807374234315,PantherStrix,0,0,1.0
192,8239240107329352915,Amasuela,0,0,1.0
193,3912119056386119172,Glewe,0,0,
194,8714941210391126980,Lockal,0,0,1.0
195,4671112491696861100,Dr. Ashfaq Ahmad Shah,0,1,
196,2351319795342783773,Twofivesixbot,1,0,1.0
197,8239240107329352915,Amasuela,0,0,1.0
198,4356394573211117286,SeroBOT,1,1,
199,8230683776252843696,BotMultichill,1,1,1.0
200,4447114437417096511,Jahl de Vautban,0,0,1.0
201,1488248435449998159,EVA3.0 (bot),1,1,1.0
202,5240463233746975065,Edoderoobot,1,0,1.0
203,7450768824033781684,InternetArchiveBot,1,0,
204,2292502927616969476,Tahmid02016,0,0,1.0
205,6987473619963675381,Ameisenigel,0,0,1.0
206,1317167612443317841,SchlurcherBot,1,0,1.0
207,8239240107329352915,Amasuela,0,0,1.0
208,2270109330070556926,מושך בשבט,0,0,0.0
209,3250825671132441049,Lukewon,0,0,
210,5360759902274896000,-jkb-,0,0,
211,6987473619963675381,Ameisenigel,0,0,1.0
212,6987473619963675381,Ameisenigel,0,0,1.0
213,2292502927616969476,Tahmid02016,0,0,1.0
214,6987473619963675381,Ameisenigel,0,0,1.0
215,4574552388456724021,Monkbot,1,1,
216,8239240107329352915,Amasuela,0,0,1.0
217,4772306682771097645,And1987,0,0,
218,4359742066684600741,Meenakshi nandhini,0,0,1.0
219,4744649679462983213,Veverve,0,0,1.0
220,751268840268193504,TheDesertboy,0,0,1.0
221,4795151330671968938,BorkedBot,1,0,1.0
222,8285446159584990876,Binopippa2,0,1,
223,8714941210391126980,Lockal,0,0,1.0
224,5240463233746975065,Edoderoobot,1,0,1.0
225,8239240107329352915,Amasuela,0,0,1.0
226,8230683776252843696,BotMultichill,1,1,1.0
227,2292502927616969476,Tahmid02016,0,0,1.0
228,8630305869717388673,LogainmBot,1,0,1.0
229,1684869470473604793,Alain Schneider,0,0,1.0
230,6987473619963675381,Ameisenigel,0,0,1.0
231,2607898321778152617,Kazimier Lachnovič,0,1,
232,2292502927616969476,Tahmid02016,0,0,1.0
233,6890965646054806231,JuthaDDA,0,0,
234,8239240107329352915,Amasuela,0,0,1.0
235,3568450396858804450,Ioannes Pragensis,0,0,1.0
236,3582248991931713280,Lost in subtitles,0,1,
237,8239240107329352915,Amasuela,0,0,1.0
238,7218007743376817070,Consulnico,0,1,1.0
239,1317167612443317841,SchlurcherBot,1,0,1.0
240,2795250176450746891,Mr.Ibrahembot,1,0,1.0
241,2292502927616969476,Tahmid02016,0,0,1.0
242,2292502927616969476,Tahmid02016,0,0,1.0
243,7620893979973105481,Casazza Léon,0,0,0.0
244,7450768824033781684,InternetArchiveBot,1,0,1.0
245,6669262979901594023,Redakingbot,1,1,
246,1317167612443317841,SchlurcherBot,1,0,1.0
247,4299551461784423405,Bakunin1975,0,1,0.0
248,9175769096446975310,Dr. Grampinator,0,0,
249,8239240107329352915,Amasuela,0,0,1.0
250,7450768824033781684,InternetArchiveBot,1,0,
251,345218995046094776,Nordfra,0,1,1.0
252,8239240107329352915,Amasuela,0,0,1.0
253,7450768824033781684,InternetArchiveBot,1,0,
254,8239240107329352915,Amasuela,0,0,1.0
255,7992837170853834961,BotMultichillT,1,0,1.0
256,8239240107329352915,Amasuela,0,0,1.0
257,5955823758773389696,Uawikibot1,1,0,
258,2270109330070556926,מושך בשבט,0,0,0.0
259,2292502927616969476,Tahmid02016,0,0,1.0
260,5862111815767723166,Homobot,1,1,
261,2329390517416989557,Ulisse,0,0,1.0
262,2627917240160940631,EmausBot,1,1,1.0
263,2292502927616969476,Tahmid02016,0,0,1.0
264,8239240107329352915,Amasuela,0,0,1.0
265,1317167612443317841,SchlurcherBot,1,0,1.0
266,4367509429851883596,Petr Tomasovsky,0,0,
267,8275553549981880844,TwoScars,0,0,
268,5240463233746975065,Edoderoobot,1,0,1.0
269,8239240107329352915,Amasuela,0,0,1.0
270,2351319795342783773,Twofivesixbot,1,0,1.0
271,8714941210391126980,Lockal,0,0,1.0
272,2327783676085988989,Cyberbot I,1,1,1.0
273,6987473619963675381,Ameisenigel,0,0,1.0
274,3311345608545383177,104.193.170.100,0,0,0.0
275,2292502927616969476,Tahmid02016,0,0,1.0
276,2782701430930630962,89.247.127.225,0,0,
277,6454686158801503155,Bennylin,0,0,1.0
278,6987473619963675381,Ameisenigel,0,0,1.0
279,4574552388456724021,Monkbot,1,1,
280,5821759264590996563,NordhornerII,0,0,
281,8601977632074294267,Hasley,0,0,1.0
282,6333461774851555893,Dcw2003,0,0,
283,2292502927616969476,Tahmid02016,0,0,1.0
284,7305436989528712952,JarBot,1,1,
285,7992837170853834961,BotMultichillT,1,0,1.0
286,2292502927616969476,Tahmid02016,0,0,1.0
287,2327783676085988989,Cyberbot I,1,1,1.0
288,6987473619963675381,Ameisenigel,0,0,1.0
289,6825722429397933406,Luca camminatore del cielo,0,0,0.0
290,2292502927616969476,Tahmid02016,0,0,1.0
291,6987473619963675381,Ameisenigel,0,0,1.0
292,8714941210391126980,Lockal,0,0,1.0
293,8714941210391126980,Lockal,0,0,1.0
294,8714941210391126980,Lockal,0,0,1.0
295,6987473619963675381,Ameisenigel,0,0,1.0
296,8239240107329352915,Amasuela,0,0,1.0
297,8239240107329352915,Amasuela,0,0,1.0
298,9221148287051894629,91.242.141.100,0,0,0.0
299,6669262979901594023,Redakingbot,1,1,
300,8230683776252843696,BotMultichill,1,1,1.0
301,8239240107329352915,Amasuela,0,0,1.0
302,4795151330671968938,BorkedBot,1,0,1.0
303,8005576876741687634,Khonghieugi123,0,0,1.0
304,6869405162831187091,ArndBot,1,0,1.0
305,4795151330671968938,BorkedBot,1,0,1.0
306,5240463233746975065,Edoderoobot,1,0,1.0
307,8630305869717388673,LogainmBot,1,0,1.0
308,5744399800150651723,Bjankuloski06,0,1,
309,2504533905259273725,Caulfield,0,0,1.0
310,2032389224427087539,186.71.107.124,0,0,
311,6987473619963675381,Ameisenigel,0,0,1.0
312,8239240107329352915,Amasuela,0,0,1.0
313,8601977632074294267,Hasley,0,0,1.0
314,8143824149336404007,Retaq2000,0,0,0.0
315,8230683776252843696,BotMultichill,1,1,1.0
316,6987473619963675381,Ameisenigel,0,0,1.0
317,7992837170853834961,BotMultichillT,1,0,1.0
318,409549614319623066,BlueToffee,0,0,1.0
319,8239240107329352915,Amasuela,0,0,1.0
320,7496091135815588792,GPinkerton,0,0,
321,2292502927616969476,Tahmid02016,0,0,1.0
322,8773006789742275873,Kulawik.pl,0,0,0.0
323,5297178539607287704,Dr-Taher,0,0,
324,1462536701919057358,Evope,0,0,
325,3500000589163378938,101.0.34.122,0,0,
326,2270109330070556926,מושך בשבט,0,0,0.0
327,6987473619963675381,Ameisenigel,0,0,1.0
328,7450768824033781684,InternetArchiveBot,1,0,
329,2292502927616969476,Tahmid02016,0,0,1.0
330,2351319795342783773,Twofivesixbot,1,0,1.0
331,2292502927616969476,Tahmid02016,0,0,1.0
332,8714941210391126980,Lockal,0,0,1.0
333,2795250176450746891,Mr.Ibrahembot,1,0,
334,7831655453932571919,Tohaomg,0,0,1.0
335,1488248435449998159,EVA3.0 (bot),1,1,1.0
336,5240463233746975065,Edoderoobot,1,0,1.0
337,3868939859226700125,Cofunctor,0,1,
338,1741513224393262703,PuchaczTrado,0,0,
339,7985363807374234315,PantherStrix,0,0,1.0
340,1727292616855925136,64.88.2.2,0,0,0.0
341,7450768824033781684,InternetArchiveBot,1,0,1.0
342,5019474436957996130,179.32.236.247,0,0,
343,8714941210391126980,Lockal,0,0,1.0
344,6987473619963675381,Ameisenigel,0,0,1.0
345,8239240107329352915,Amasuela,0,0,1.0
346,1317167612443317841,SchlurcherBot,1,0,1.0
347,2351319795342783773,Twofivesixbot,1,0,1.0
348,8239240107329352915,Amasuela,0,0,1.0
349,1317167612443317841,SchlurcherBot,1,0,1.0
350,5862111815767723166,Homobot,1,1,
351,6018237052350248122,Kooma,0,0,1.0
352,3450971137415872957,202.62.68.162,0,0,
353,8134168810338984190,Dormskirk,0,0,
354,8230683776252843696,BotMultichill,1,1,1.0
355,7529548059528988850,AnomieBOT,1,1,
356,7366157419237662964,2A01:E34:ED5D:B30:1002:61F5:3157:9081,0,0,0.0
357,7408526233762913835,Mbrickn,0,1,0.0
358,8773006789742275873,Kulawik.pl,0,0,0.0
359,2795250176450746891,Mr.Ibrahembot,1,0,
360,2695392652725313601,Jeb,0,0,1.0
361,2289425853259598732,2.135.76.127,0,0,
362,3912760622060253827,XabatuBot,1,0,1.0
363,6439172675739711805,Renard Migrant,0,0,1.0
364,4574552388456724021,Monkbot,1,1,
365,3728512032453218821,Krazytea,0,0,
366,1068246704132819004,Lapin du Morvan,0,1,1.0
367,2089552138223546562,COIBot,1,0,
368,8629698073218601016,70.59.76.105,0,0,
369,2046732127675059555,Spazzolo,0,0,0.0
370,4564266150420844178,DarkGlow,0,0,
371,7717921416862169446,Devokewater,0,0,
372,4795151330671968938,BorkedBot,1,0,1.0
373,5240463233746975065,Edoderoobot,1,0,1.0
374,2795250176450746891,Mr.Ibrahembot,1,0,1.0
375,6987473619963675381,Ameisenigel,0,0,1.0
376,1862257048937271013,KylieTastic,0,0,
377,2292502927616969476,Tahmid02016,0,0,1.0
378,8693636365689512108,Pachidensha,0,0,
379,1862257048937271013,KylieTastic,0,0,
380,5999467652184358270,Leit,0,0,1.0
381,4473170059693258384,Tpyvvikky,0,0,
382,8773006789742275873,Kulawik.pl,0,0,0.0
383,7450768824033781684,InternetArchiveBot,1,0,
384,7450768824033781684,InternetArchiveBot,1,0,1.0
385,552367692190814915,Oursana,0,1,1.0
386,2695383736594244974,Wolfdietmann,0,0,0.0
387,8239240107329352915,Amasuela,0,0,1.0
388,5240463233746975065,Edoderoobot,1,0,1.0
389,2292502927616969476,Tahmid02016,0,0,1.0
390,2351319795342783773,Twofivesixbot,1,0,1.0
391,6869405162831187091,ArndBot,1,0,1.0
392,1028294599906538168,Achim55,0,0,1.0
393,2292502927616969476,Tahmid02016,0,0,1.0
394,4790363204016269764,31.27.161.68,0,0,0.0
395,8239240107329352915,Amasuela,0,0,1.0
396,1317167612443317841,SchlurcherBot,1,0,1.0
397,6987473619963675381,Ameisenigel,0,0,1.0
398,8239240107329352915,Amasuela,0,0,1.0
399,6669262979901594023,Redakingbot,1,1,
400,7819177326554228289,Bracknell20,0,0,
401,4795151330671968938,BorkedBot,1,0,1.0
402,6987473619963675381,Ameisenigel,0,0,1.0
403,8239240107329352915,Amasuela,0,0,1.0
404,8675542685606419453,Paul August,0,0,
405,7305436989528712952,JarBot,1,1,
406,6967283842315156031,MNS1956,0,0,1.0
407,8239240107329352915,Amasuela,0,0,1.0
408,562312206594656534,NPImporterBot,1,0,1.0
409,1588847538187572536,TompaDompa,0,0,
410,3063022005381964475,2600:1005:B05F:2AFD:5834:786C:D521:82A8,0,0,
411,3420341991114536852,Remnantsmint,0,0,
412,1487493859966088208,Dwanyewest,0,0,
413,1317167612443317841,SchlurcherBot,1,0,1.0
414,2431876467742413982,Geraldshields11,0,0,
415,6946084938617422038,そう岳,0,0,
416,6669262979901594023,Redakingbot,1,1,
417,1333271409644441910,MAQuire,0,0,1.0
418,7903841585056023357,Serggg.02,0,0,
419,4574552388456724021,Monkbot,1,1,
420,1785869918743812622,201.219.71.20,0,0,
421,8297913578397875769,Gzanag,0,1,1.0
422,5240463233746975065,Edoderoobot,1,0,1.0
423,8239240107329352915,Amasuela,0,0,1.0
424,2627917240160940631,EmausBot,1,1,1.0
425,8714941210391126980,Lockal,0,0,1.0
426,1317167612443317841,SchlurcherBot,1,0,1.0
427,9133419583734724873,Georg Hügler,0,0,
428,2097389125021629460,Randona.bg,0,1,1.0
429,3631841707980014773,Lucajoy,0,0,0.0
430,3968694835501490060,MAC06130,0,0,1.0
431,7992837170853834961,BotMultichillT,1,0,1.0
432,6953168101265027030,CvZ,0,0,1.0
433,8239240107329352915,Amasuela,0,0,1.0
434,2292502927616969476,Tahmid02016,0,0,1.0
435,6965571373857636279,Tomislav Ž. Popović,0,0,0.0
436,8230683776252843696,BotMultichill,1,1,1.0
437,2292502927616969476,Tahmid02016,0,0,1.0
438,5384221285094283332,83.23.193.241,0,0,
439,2292502927616969476,Tahmid02016,0,0,1.0
440,5036815670963659941,67.83.106.8,0,0,
441,1767571608705659907,Ophidia 76,0,1,
442,1317167612443317841,SchlurcherBot,1,0,1.0
443,6987473619963675381,Ameisenigel,0,0,1.0
444,6412082653865761826,Tynoel81,0,0,
445,2292502927616969476,Tahmid02016,0,0,1.0
446,8714941210391126980,Lockal,0,0,1.0
447,6987473619963675381,Ameisenigel,0,0,1.0
448,6784925240283838202,195.135.250.162,0,0,
449,1317167612443317841,SchlurcherBot,1,0,1.0
450,5477127496112972488,எஸ். பி. கிருஷ்ணமூர்த்தி,0,0,
451,2292502927616969476,Tahmid02016,0,0,1.0
452,1317167612443317841,SchlurcherBot,1,0,1.0
453,8239240107329352915,Amasuela,0,0,1.0
454,6234451430270897948,Kvdrgeus,0,0,0.0
455,8630305869717388673,LogainmBot,1,0,1.0
456,2504533905259273725,Caulfield,0,0,1.0
457,6965571373857636279,Tomislav Ž. Popović,0,0,0.0
458,8943814198634958757,Герман Мейстер,0,1,
459,8230683776252843696,BotMultichill,1,1,1.0
460,7369781149155328660,Favonian,0,1,
461,5862111815767723166,Homobot,1,1,
462,8661250528995651670,Pzycho10,0,1,
463,7305436989528712952,JarBot,1,1,
464,6987473619963675381,Ameisenigel,0,0,1.0
465,6987473619963675381,Ameisenigel,0,0,1.0
466,8403072298961420128,Mirzali,0,1,
467,2503661491960218355,Tupsumato,0,1,
468,8451876276948892338,Y2kcrazyjoker4,0,0,1.0
469,6548034161534841628,Ben8142,0,1,
470,4356394573211117286,SeroBOT,1,1,
471,8239240107329352915,Amasuela,0,0,1.0
472,8706239195876534755,Amitchell125,0,0,
473,8714941210391126980,Lockal,0,0,1.0
474,6987473619963675381,Ameisenigel,0,0,1.0
475,2292502927616969476,Tahmid02016,0,0,1.0
476,6452735878967935786,Swpb,0,0,1.0
477,2292502927616969476,Tahmid02016,0,0,1.0
478,3412708131413058980,Nirvanaoreilly,0,0,
479,8239240107329352915,Amasuela,0,0,1.0
480,1538019719132721619,SpiderMum,0,0,
481,6822682699754277158,Vami IV,0,0,
482,3696533825457325790,Dimadick,0,0,
483,5192395592610966073,Fenakhay,0,0,1.0
484,4309204945101708543,Jonel,0,0,
485,7450768824033781684,InternetArchiveBot,1,0,
486,7450768824033781684,InternetArchiveBot,1,0,
487,8239240107329352915,Amasuela,0,0,1.0
488,3503845820403529183,جار الله,0,1,
489,6987473619963675381,Ameisenigel,0,0,1.0
490,7450768824033781684,InternetArchiveBot,1,0,1.0
491,478097537988860035,DanTD,0,1,1.0
492,8630305869717388673,LogainmBot,1,0,1.0
493,6987473619963675381,Ameisenigel,0,0,1.0
494,1317167612443317841,SchlurcherBot,1,0,1.0
495,7561601045748606710,Marc Mongenet,0,0,1.0
496,2695383736594244974,Wolfdietmann,0,0,0.0
497,2292502927616969476,Tahmid02016,0,0,1.0
498,3341533790085704736,Sidishandsome,0,0,
499,8239240107329352915,Amasuela,0,0,1.0
500,848501901240825834,64.222.180.90,0,0,
501,5732628280226063716,Стефанко1982,0,0,
502,3912760622060253827,XabatuBot,1,0,1.0
503,4795151330671968938,BorkedBot,1,0,1.0
504,8714941210391126980,Lockal,0,0,1.0
505,2292502927616969476,Tahmid02016,0,0,1.0
506,3546445846456323187,Drahreg01,0,0,
507,5240463233746975065,Edoderoobot,1,0,1.0
508,7992837170853834961,BotMultichillT,1,0,1.0
509,6626240717636381551,Changnick,0,1,
510,8230683776252843696,BotMultichill,1,1,1.0
511,2351319795342783773,Twofivesixbot,1,0,1.0
512,8239240107329352915,Amasuela,0,0,1.0
513,8239240107329352915,Amasuela,0,0,1.0
514,6987473619963675381,Ameisenigel,0,0,1.0
515,6987473619963675381,Ameisenigel,0,0,1.0
516,7450768824033781684,InternetArchiveBot,1,0,
517,1761350580471282852,Lokmandie,0,1,
518,6669262979901594023,Redakingbot,1,1,
519,7831655453932571919,Tohaomg,0,0,1.0
520,8794700126251555800,Madreterra,0,0,
521,8239240107329352915,Amasuela,0,0,1.0
522,437524769986092026,Morgan695,0,1,
523,8239240107329352915,Amasuela,0,0,1.0
524,608434798437666634,86.173.236.19,0,0,0.0
525,4948555699245154924,Александр Миронов 1954,0,1,
526,2292502927616969476,Tahmid02016,0,0,1.0
527,5240463233746975065,Edoderoobot,1,0,1.0
528,8630305869717388673,LogainmBot,1,0,1.0
529,8841049885947454667,Tricholome,0,0,1.0
530,6669262979901594023,Redakingbot,1,1,
531,6869405162831187091,ArndBot,1,0,1.0
532,9138795415148684467,Èl-Gueuye-Noere,0,0,
533,2351319795342783773,Twofivesixbot,1,0,1.0
534,4795151330671968938,BorkedBot,1,0,1.0
535,6029225230561352347,RadioElectrico,0,0,1.0
536,8888586743002335023,206.176.118.57,0,0,
537,2327783676085988989,Cyberbot I,1,1,1.0
538,8239240107329352915,Amasuela,0,0,1.0
539,7992837170853834961,BotMultichillT,1,0,1.0
540,3010198529608798297,LucienB49,0,0,1.0
541,2292502927616969476,Tahmid02016,0,0,1.0
542,8239240107329352915,Amasuela,0,0,1.0
543,7450768824033781684,InternetArchiveBot,1,0,
544,8239240107329352915,Amasuela,0,0,1.0
545,8239240107329352915,Amasuela,0,0,1.0
546,8714941210391126980,Lockal,0,0,1.0
547,751268840268193504,TheDesertboy,0,1,1.0
548,6987473619963675381,Ameisenigel,0,0,1.0
549,2292502927616969476,Tahmid02016,0,0,1.0
550,7450768824033781684,InternetArchiveBot,1,0,1.0
551,2089552138223546562,COIBot,1,0,
552,5955823758773389696,Uawikibot1,1,0,
553,7737692934255403377,MB,0,0,
554,6456814444305745008,OspreyPL,0,0,
555,1937233717787284054,Herodotptlomeu,0,0,1.0
556,2292502927616969476,Tahmid02016,0,0,1.0
557,6987473619963675381,Ameisenigel,0,0,1.0
558,2594334834892857004,Николай Эйхвальд,0,0,
559,7985363807374234315,PantherStrix,0,0,1.0
560,6987473619963675381,Ameisenigel,0,0,1.0
561,7450768824033781684,InternetArchiveBot,1,0,
562,2795250176450746891,Mr.Ibrahembot,1,1,
563,8239240107329352915,Amasuela,0,0,1.0
564,1049684093441460765,Artur 10,0,1,
565,5744399800150651723,Bjankuloski06,0,1,
566,5240463233746975065,Edoderoobot,1,0,1.0
567,371266484703662746,Blablubbs,0,1,
568,6454686158801503155,Bennylin,0,1,1.0
569,8239240107329352915,Amasuela,0,0,1.0
570,4574552388456724021,Monkbot,1,1,
571,8714941210391126980,Lockal,0,0,1.0
572,2292502927616969476,Tahmid02016,0,0,1.0
573,3979691399098282887,Submajstro,0,0,
574,4108745479466980225,RationalPuff,0,0,
575,8239240107329352915,Amasuela,0,0,1.0
576,8714941210391126980,Lockal,0,0,1.0
577,6002616948754921990,ArnabSaha,0,0,0.0
578,2351319795342783773,Twofivesixbot,1,0,1.0
579,1093558252797527579,Etemenanki,0,0,1.0
580,1862257048937271013,KylieTastic,0,0,
581,7673920241766216484,Rahammz,0,1,
582,7326777065405501319,Yger,0,0,
583,2778570719806611005,Erasedghost,0,0,
584,6987473619963675381,Ameisenigel,0,0,1.0
585,8629698073218601016,70.59.76.105,0,0,
586,2327783676085988989,Cyberbot I,1,1,1.0
587,1697554091754567990,223.226.155.244,0,0,
588,5815618828651088116,85.52.84.12,0,0,0.0
589,4795151330671968938,BorkedBot,1,0,1.0
590,7992837170853834961,BotMultichillT,1,0,1.0
591,8239240107329352915,Amasuela,0,0,1.0
592,8050440566287780327,CCavadov,0,0,1.0
593,6987473619963675381,Ameisenigel,0,0,1.0
594,2292502927616969476,Tahmid02016,0,0,1.0
595,7725209360109583982,Spacejam2,0,1,
596,6499926229765033530,RYO-Brasos,0,0,0.0
597,7140578695794536597,Keranplein,0,0,1.0
598,5862111815767723166,Homobot,1,1,
599,2292502927616969476,Tahmid02016,0,0,1.0
600,5837721375814503343,Franz-Georg Bender,0,0,
601,5191330926883905728,Olaf Kosinsky,0,0,1.0
602,2504533905259273725,Caulfield,0,0,1.0
603,6669262979901594023,Redakingbot,1,1,
604,7450768824033781684,InternetArchiveBot,1,0,
605,8630305869717388673,LogainmBot,1,0,1.0
606,1498458740317526769,2603:9000:6213:EB97:F522:90F5:FBDF:49EB,0,0,
607,1317167612443317841,SchlurcherBot,1,0,1.0
608,6987473619963675381,Ameisenigel,0,0,1.0
609,6987473619963675381,Ameisenigel,0,0,1.0
610,4574552388456724021,Monkbot,1,1,
611,1498619853723390588,Lotse,0,1,1.0
612,2292502927616969476,Tahmid02016,0,0,1.0
613,6869405162831187091,ArndBot,1,0,1.0
614,9011059749215594777,Peter I. Vardy,0,0,
615,6987718680034515365,Vyörykkä,0,1,1.0
616,3401342068634131613,78.8.69.195,0,0,
617,1148938812785412749,Koavf,0,0,1.0
618,371266484703662746,Blablubbs,0,0,
619,8239240107329352915,Amasuela,0,0,1.0
620,8239240107329352915,Amasuela,0,0,1.0
621,8714941210391126980,Lockal,0,0,1.0
622,2292502927616969476,Tahmid02016,0,0,1.0
623,5287993747377281045,ספסף,0,1,0.0
624,8239240107329352915,Amasuela,0,0,1.0
625,1317167612443317841,SchlurcherBot,1,0,1.0
626,8239240107329352915,Amasuela,0,0,1.0
627,6987473619963675381,Ameisenigel,0,0,1.0
628,2091106082895193491,Teseo,0,0,1.0
629,8275553549981880844,TwoScars,0,0,
630,4259593173569609229,Lesless,0,0,
631,8230683776252843696,BotMultichill,1,1,1.0
632,8714941210391126980,Lockal,0,0,1.0
633,6669262979901594023,Redakingbot,1,1,
634,2466876486544522748,Robbie SWE,0,1,1.0
635,8714941210391126980,Lockal,0,0,1.0
636,5775526890827217762,YBot,1,0,
637,685812726194824036,Florian COLLIN,0,0,1.0
638,1317167612443317841,SchlurcherBot,1,0,1.0
639,6229061143977226987,113.203.123.233,0,0,0.0
640,2292502927616969476,Tahmid02016,0,0,1.0
641,2327783676085988989,Cyberbot I,1,1,1.0
642,8239240107329352915,Amasuela,0,0,1.0
643,8239240107329352915,Amasuela,0,0,1.0
644,4601863148704894160,Bbruno,0,0,1.0
645,5240463233746975065,Edoderoobot,1,0,1.0
646,6987473619963675381,Ameisenigel,0,0,1.0
647,8714941210391126980,Lockal,0,0,1.0
648,8230683776252843696,BotMultichill,1,1,1.0
649,6060146518406595692,2001:16B8:1E8E:5E00:1DEB:7F7C:283A:C681,0,0,
650,2351319795342783773,Twofivesixbot,1,0,1.0
651,4364582614155564884,MrE,0,0,
652,2292502927616969476,Tahmid02016,0,0,1.0
653,6237705446764879312,49.184.65.77,0,0,
654,4795151330671968938,BorkedBot,1,0,1.0
655,7450768824033781684,InternetArchiveBot,1,0,
656,8714941210391126980,Lockal,0,0,1.0
657,6183620323235239791,Tacsipacsi,0,0,1.0
658,8451876276948892338,Y2kcrazyjoker4,0,0,1.0
659,4679028597107873459,2A02:2F0D:30B:3300:3154:DCA1:B707:5284,0,0,0.0
660,2292502927616969476,Tahmid02016,0,0,1.0
661,8661250528995651670,Pzycho10,0,1,
662,81248608541493038,Shkod,0,0,
663,8239240107329352915,Amasuela,0,0,1.0
664,8239240107329352915,Amasuela,0,0,1.0
665,6673827308825502507,Plagman,0,0,
666,8230683776252843696,BotMultichill,1,1,1.0
667,8239240107329352915,Amasuela,0,0,1.0
668,6987473619963675381,Ameisenigel,0,0,1.0
669,2627917240160940631,EmausBot,1,1,1.0
670,7610622885744989673,Elkost,0,0,1.0
671,6869405162831187091,ArndBot,1,0,1.0
672,6987473619963675381,Ameisenigel,0,0,1.0
673,34573032207774954,Moneytrees,0,0,
674,4854882516765534365,AHEXP,0,0,
675,2327783676085988989,Cyberbot I,1,1,1.0
676,6700336633418281418,GoelDushyant,0,0,
677,8714941210391126980,Lockal,0,0,1.0
678,8239240107329352915,Amasuela,0,0,1.0
679,8239240107329352915,Amasuela,0,0,1.0
680,7303469597687805700,Lsjbot,1,0,
681,4493279775402659518,Cocô53,0,0,
682,1317167612443317841,SchlurcherBot,1,0,1.0
683,7610622885744989673,Elkost,0,0,1.0
684,5240463233746975065,Edoderoobot,1,0,1.0
685,4574552388456724021,Monkbot,1,1,
686,6381686291880873021,Macedonian,0,0,
687,3341533790085704736,Sidishandsome,0,0,
688,8951440463883952507,Thanoscar21,0,1,
689,2756667150008717868,Enzo Encius,0,1,1.0
690,2292502927616969476,Tahmid02016,0,0,1.0
691,8239240107329352915,Amasuela,0,0,1.0
692,4795151330671968938,BorkedBot,1,0,1.0
693,1317167612443317841,SchlurcherBot,1,0,1.0
694,2068706483996415090,Rob984,0,1,
695,7450768824033781684,InternetArchiveBot,1,0,
696,6183620323235239791,Tacsipacsi,0,0,1.0
697,6795242212173863382,Toxwiki96,0,1,
698,841572799768043727,Horse Eye's Back,0,0,
699,7992837170853834961,BotMultichillT,1,0,1.0
700,6669262979901594023,Redakingbot,1,1,
701,582563565751587764,Raymarcbadz,0,0,
702,6987473619963675381,Ameisenigel,0,0,1.0
703,5080622474160626388,Krzysio.szubzda.1,0,0,
704,2046732127675059555,Spazzolo,0,1,0.0
705,7450768824033781684,InternetArchiveBot,1,0,
706,9178826289548590365,Amajum0073,0,0,0.0
707,2292502927616969476,Tahmid02016,0,0,1.0
708,1617516183212690156,Jurkij,0,0,1.0
709,2292502927616969476,Tahmid02016,0,0,1.0
710,2351319795342783773,Twofivesixbot,1,0,1.0
711,8239240107329352915,Amasuela,0,0,1.0
712,6018237052350248122,Kooma,0,0,1.0
713,8239240107329352915,Amasuela,0,0,1.0
714,6241103290469880331,Wuselig,0,0,1.0
715,8239240107329352915,Amasuela,0,0,1.0
716,250205518919149134,SixthGrave,0,0,0.0
717,1317167612443317841,SchlurcherBot,1,0,1.0
718,8949839287220185174,JAPSTRENGTH,0,0,
719,5862111815767723166,Homobot,1,1,
720,1317167612443317841,SchlurcherBot,1,0,1.0
721,1488248435449998159,EVA3.0 (bot),1,1,1.0
722,5240463233746975065,Edoderoobot,1,0,1.0
723,8558673523872630250,Amanuensis Balkanicus,0,0,1.0
724,6987473619963675381,Ameisenigel,0,0,1.0
725,5125575487248807519,Julo,0,0,
726,8297913578397875769,Gzanag,0,0,1.0
727,1317167612443317841,SchlurcherBot,1,0,1.0
728,8168618516124205913,Alessandro Marchetti (WMIT),0,0,0.0
729,8714941210391126980,Lockal,0,0,1.0
730,6987473619963675381,Ameisenigel,0,0,1.0
731,8205452930275632258,MaraBot,1,0,
732,2292502927616969476,Tahmid02016,0,0,1.0
733,8714941210391126980,Lockal,0,0,1.0
734,4154120030851305119,HMGiovanniV,0,0,
735,5240463233746975065,Edoderoobot,1,0,1.0
736,8714941210391126980,Lockal,0,0,1.0
737,8951440463883952507,Thanoscar21,0,0,
738,2292502927616969476,Tahmid02016,0,0,1.0
739,4991502170721553267,Giorno2,0,1,1.0
740,6987473619963675381,Ameisenigel,0,0,1.0
741,2351319795342783773,Twofivesixbot,1,0,1.0
742,3010198529608798297,LucienB49,0,0,1.0
743,6987473619963675381,Ameisenigel,0,0,1.0
744,8714941210391126980,Lockal,0,0,1.0
745,8630305869717388673,LogainmBot,1,0,1.0
746,6987473619963675381,Ameisenigel,0,0,1.0
747,8230683776252843696,BotMultichill,1,1,1.0
748,346124496514696361,Shadman24,0,0,
749,4903113461394304071,CaratNaturelle,0,0,
750,1317167612443317841,SchlurcherBot,1,0,1.0
751,8714941210391126980,Lockal,0,0,1.0
752,3085617583890010787,Tdorante10,0,1,1.0
753,2493953192581797931,João Justiceiro,0,1,1.0
754,4497102529963128586,Schofför,0,1,1.0
755,6756426555745358791,109.23.32.55,0,0,0.0
756,8239240107329352915,Amasuela,0,0,1.0
757,2292502927616969476,Tahmid02016,0,0,1.0
758,2292502927616969476,Tahmid02016,0,0,1.0
759,498426749983805741,Mattias.Campe,0,1,0.0
760,210316640795882162,Pranayraj1985,0,0,
761,6669262979901594023,Redakingbot,1,1,
762,608768137671168270,Brnd99,0,1,0.0
763,7992837170853834961,BotMultichillT,1,0,1.0
764,8239240107329352915,Amasuela,0,0,1.0
765,3041948834762773840,Fredamas,0,1,1.0
766,8714941210391126980,Lockal,0,0,1.0
767,4275740426844349720,Nestea,0,0,
768,4201705110325679968,Maundwiki,0,0,1.0
769,6987473619963675381,Ameisenigel,0,0,1.0
770,4795151330671968938,BorkedBot,1,0,1.0
771,2292502927616969476,Tahmid02016,0,0,1.0
772,6987473619963675381,Ameisenigel,0,0,1.0
773,470828287375699311,CFA1877,0,0,
774,8773006789742275873,Kulawik.pl,0,0,0.0
775,8630305869717388673,LogainmBot,1,0,1.0
776,1442555801711446878,81.129.32.172,0,0,
777,6987473619963675381,Ameisenigel,0,0,1.0
778,2292502927616969476,Tahmid02016,0,0,1.0
779,2292502927616969476,Tahmid02016,0,0,1.0
780,4103648953943155180,109.65.62.69,0,0,0.0
781,7459997295171061452,2A01:CB00:E80:1800:5061:2F04:BA0:A3D2,0,0,
782,2327783676085988989,Cyberbot I,1,1,1.0
783,6987473619963675381,Ameisenigel,0,0,1.0
784,2184098183199985844,Agricolae,0,0,
785,8230683776252843696,BotMultichill,1,1,1.0
786,4574552388456724021,Monkbot,1,1,
787,7831655453932571919,Tohaomg,0,0,1.0
788,9191091932339978256,Виктор Не Вацко,0,0,
789,7969315066190666791,Der wahre Jakob,0,1,
790,3250825671132441049,Lukewon,0,0,
791,4103648953943155180,109.65.62.69,0,0,0.0
792,7834368876702431375,Pronoia,0,1,1.0
793,6987473619963675381,Ameisenigel,0,0,1.0
794,4818810421147247503,43.242.226.33,0,0,
795,2867081591762410520,Lalina,0,1,
796,5240463233746975065,Edoderoobot,1,0,1.0
797,7305436989528712952,JarBot,1,1,
798,2292502927616969476,Tahmid02016,0,0,1.0
799,5262322871159873977,Lukecody,0,0,
800,7993585686526158713,2A02:C7F:7672:8300:FD60:C21C:8FE0:560D,0,0,
801,6626240717636381551,Changnick,0,1,
802,5407148937570713968,Karelj,0,0,1.0
803,5581088219441398474,Cbrescia,0,0,1.0
804,6987473619963675381,Ameisenigel,0,0,1.0
805,3779566321376822499,Araz Yaquboglu,0,0,1.0
806,2292502927616969476,Tahmid02016,0,0,1.0
807,5723041137631830386,Otogi,0,0,
808,6313297342412390495,A.Savin,0,0,1.0
809,5707796812562812893,188.110.14.239,0,0,0.0
810,3536430737121904836,177.177.108.78,0,0,
811,1317167612443317841,SchlurcherBot,1,0,1.0
812,4103648953943155180,109.65.62.69,0,0,0.0
813,6869405162831187091,ArndBot,1,0,1.0
814,2292502927616969476,Tahmid02016,0,0,1.0
815,8239240107329352915,Amasuela,0,0,1.0
816,220100738557623718,Cruzate1492,0,0,1.0
817,8773006789742275873,Kulawik.pl,0,0,0.0
818,4497975381001065288,Lucarem,0,0,0.0
819,8630305869717388673,LogainmBot,1,0,1.0
820,4795151330671968938,BorkedBot,1,0,1.0
821,2292502927616969476,Tahmid02016,0,0,1.0
822,2292502927616969476,Tahmid02016,0,0,1.0
823,5300372192930001387,2A02:1811:D41C:4300:3DC5:DBAE:B9B2:572D,0,0,0.0
824,1315234739908222815,M2k~dewiki,0,0,1.0
825,8714941210391126980,Lockal,0,0,1.0
826,4991502170721553267,Giorno2,0,1,1.0
827,8714941210391126980,Lockal,0,0,1.0
828,4574552388456724021,Monkbot,1,1,
829,5862111815767723166,Homobot,1,1,
830,1012206896370562666,2804:D55:52B7:6A00:F9EC:FF60:54A0:BEC,0,0,0.0
831,1317167612443317841,SchlurcherBot,1,0,1.0
832,2730860854266193448,AleatoryPonderings,0,0,1.0
833,6987473619963675381,Ameisenigel,0,0,1.0
834,8239240107329352915,Amasuela,0,0,1.0
835,2351319795342783773,Twofivesixbot,1,0,1.0
836,6987473619963675381,Ameisenigel,0,0,1.0
837,8239240107329352915,Amasuela,0,0,1.0
838,1254777428685518688,Docosong,0,0,1.0
839,7992837170853834961,BotMultichillT,1,0,1.0
840,8239240107329352915,Amasuela,0,0,1.0
841,6669262979901594023,Redakingbot,1,1,
842,5543094321478206752,Twiinarmeggedon2,0,0,
843,7450768824033781684,InternetArchiveBot,1,0,
844,8230683776252843696,BotMultichill,1,1,1.0
845,2327783676085988989,Cyberbot I,1,1,1.0
846,6987473619963675381,Ameisenigel,0,0,1.0
847,4795151330671968938,BorkedBot,1,0,1.0
848,5191330926883905728,Olaf Kosinsky,0,0,1.0
849,3912760622060253827,XabatuBot,1,0,1.0
850,2292502927616969476,Tahmid02016,0,0,1.0
851,2402928339453391372,BerwaldBis,0,0,1.0
852,8239240107329352915,Amasuela,0,0,1.0
853,8661250528995651670,Pzycho10,0,1,
854,6126431229324279155,14.198.168.8,0,0,
855,8239240107329352915,Amasuela,0,0,1.0
856,8714941210391126980,Lockal,0,0,1.0
857,6987473619963675381,Ameisenigel,0,0,1.0
858,5683089023825245327,迴廊彼端,0,0,1.0
859,6669262979901594023,Redakingbot,1,1,
860,4201705110325679968,Maundwiki,0,0,1.0
861,5683089023825245327,迴廊彼端,0,0,1.0
862,5317917161591198391,Laszaroh,0,0,1.0
863,8773006789742275873,Kulawik.pl,0,0,0.0
864,3126224877616713688,Tambuuun,0,0,0.0
865,2292502927616969476,Tahmid02016,0,0,1.0
866,8714941210391126980,Lockal,0,0,1.0
867,6700336633418281418,GoelDushyant,0,0,
868,8239240107329352915,Amasuela,0,0,1.0
869,4359742066684600741,Meenakshi nandhini,0,0,1.0
870,116300360609527838,Scenarioschrijver20,0,0,0.0
871,151058853757105880,Wo st 01,0,0,
872,6172622889543719248,Simba16,0,1,
873,2466876486544522748,Robbie SWE,0,1,1.0
874,5683089023825245327,迴廊彼端,0,0,1.0
875,1488248435449998159,EVA3.0 (bot),1,1,1.0
876,15277096645810967,AJFU,0,0,
877,771103774875027750,Flamenc,0,1,1.0
878,6629518131142138294,Clairergl,0,0,0.0
879,8773006789742275873,Kulawik.pl,0,0,0.0
880,2256692188821972640,Themanwithnowifi,0,1,0.0
881,6987473619963675381,Ameisenigel,0,0,1.0
882,8146882498369623198,Bcxfu75k,0,0,
883,8714941210391126980,Lockal,0,0,1.0
884,2351319795342783773,Twofivesixbot,1,0,1.0
885,608434798437666634,86.173.236.19,0,0,0.0
886,8239240107329352915,Amasuela,0,0,1.0
887,7992837170853834961,BotMultichillT,1,0,1.0
888,3779566321376822499,Araz Yaquboglu,0,0,1.0
889,1317167612443317841,SchlurcherBot,1,0,1.0
890,7450768824033781684,InternetArchiveBot,1,0,1.0
891,6412082653865761826,Tynoel81,0,0,
892,2292502927616969476,Tahmid02016,0,0,1.0
893,5862111815767723166,Homobot,1,1,
894,7303469597687805700,Lsjbot,1,0,
895,2292502927616969476,Tahmid02016,0,0,1.0
896,7592322149394139128,CapnZapp,0,0,
897,8239240107329352915,Amasuela,0,0,1.0
898,8239240107329352915,Amasuela,0,0,1.0
899,5873327876934087663,ममता साव9,0,0,
900,8630305869717388673,LogainmBot,1,0,1.0
901,8122117264195451175,AllTheUsernamesAreInUse,0,0,
902,8714941210391126980,Lockal,0,0,1.0
903,4744275881251083503,Frokor,0,0,1.0
904,2504533905259273725,Caulfield,0,0,1.0
905,3779566321376822499,Araz Yaquboglu,0,0,1.0
906,5240463233746975065,Edoderoobot,1,0,1.0
907,1914572514309881271,تورج تورانی,0,0,0.0
908,7450768824033781684,InternetArchiveBot,1,0,
909,1617516183212690156,Jurkij,0,0,1.0
910,5240463233746975065,Edoderoobot,1,0,1.0
911,6987473619963675381,Ameisenigel,0,0,1.0
912,8239240107329352915,Amasuela,0,0,1.0
913,6241103290469880331,Wuselig,0,0,1.0
914,2292502927616969476,Tahmid02016,0,0,1.0
915,8239240107329352915,Amasuela,0,0,1.0
916,1317167612443317841,SchlurcherBot,1,0,1.0
917,3179045308146319088,Michal Challenger,0,1,0.0
918,6987473619963675381,Ameisenigel,0,0,1.0
919,6101878118073010035,RonnieBot,0,1,0.0
920,2627917240160940631,EmausBot,1,1,1.0
921,547254972231041851,Instandhaltung,0,1,
922,5923753509435528343,Joaaoo,0,1,0.0
923,8885255183454133087,Namcokid47,0,1,
924,2292502927616969476,Tahmid02016,0,0,1.0
925,8451876276948892338,Y2kcrazyjoker4,0,0,1.0
926,8714941210391126980,Lockal,0,0,1.0
927,8556276711334687571,Kleeblatt187,0,0,1.0
928,2493953192581797931,João Justiceiro,0,1,1.0
929,5191330926883905728,Olaf Kosinsky,0,0,1.0
930,4795151330671968938,BorkedBot,1,0,1.0
931,2577692258289349187,В.Галушко,0,0,
932,6987473619963675381,Ameisenigel,0,0,1.0
933,8097544491473500856,2800:810:55D:6D1:885A:B2B6:4B3:7414,0,0,
934,5240463233746975065,Edoderoobot,1,0,1.0
935,8050440566287780327,CCavadov,0,0,1.0
936,5165868253148529214,23.127.33.110,0,0,
937,8239240107329352915,Amasuela,0,0,1.0
938,2292502927616969476,Tahmid02016,0,0,1.0
939,6987473619963675381,Ameisenigel,0,0,1.0
940,6867357988043991047,Gymnicus,0,0,1.0
941,6234451430270897948,Kvdrgeus,0,0,0.0
942,7305436989528712952,JarBot,1,1,
943,4574552388456724021,Monkbot,1,1,
944,1317167612443317841,SchlurcherBot,1,0,1.0
945,2778570719806611005,Erasedghost,0,0,
946,8773006789742275873,Kulawik.pl,0,0,0.0
947,413975687119877302,Adolfobrigido,0,0,
948,2292502927616969476,Tahmid02016,0,0,1.0
949,6199081582303300066,Kerim44,0,0,
950,3805127237590449522,Bartash,0,0,
951,2090734694569862337,Kresspahl,0,0,1.0
952,2931041974423957931,Ciciban,0,0,
953,1317167612443317841,SchlurcherBot,1,0,1.0
954,1317167612443317841,SchlurcherBot,1,0,1.0
955,600714697582644065,R. J. Mathar,0,1,0.0
956,2775184898617514897,Instant Comma,0,0,
957,7450768824033781684,InternetArchiveBot,1,0,
958,8239240107329352915,Amasuela,0,0,1.0
959,8239240107329352915,Amasuela,0,0,1.0
960,2351319795342783773,Twofivesixbot,1,0,1.0
961,1498619853723390588,Lotse,0,1,1.0
962,1631080195955263208,Zorka Sojka,0,1,1.0
963,8773006789742275873,Kulawik.pl,0,0,0.0
964,8361434183180653069,2001:B011:30E0:177C:9417:ECB3:C9C6:D00B,0,0,
965,5180109685130420737,2016Começa,0,0,0.0
966,8630305869717388673,LogainmBot,1,0,1.0
967,6669262979901594023,Redakingbot,1,1,
968,6869405162831187091,ArndBot,1,0,1.0
969,6861814136688599054,192.12.146.204,0,0,
970,8230683776252843696,BotMultichill,1,1,1.0
971,7694424492490573313,Newstodayhoho,0,0,
972,2292502927616969476,Tahmid02016,0,0,1.0
973,7083604893568905576,Reports bot,1,0,
974,8134168810338984190,Dormskirk,0,0,
975,5240463233746975065,Edoderoobot,1,0,1.0
976,6987473619963675381,Ameisenigel,0,0,1.0
977,8239240107329352915,Amasuela,0,0,1.0
978,8239240107329352915,Amasuela,0,0,1.0
979,1219074598049159171,MJ9674,0,0,
980,3974366607511686074,Klip game,0,0,
981,3779566321376822499,Araz Yaquboglu,0,0,1.0
982,4148289938937180363,Intermedichbo,0,0,1.0
983,4564994667645939875,Popik,0,0,
984,6987473619963675381,Ameisenigel,0,0,1.0
985,8663398916149526515,Emu,0,0,
986,6172622889543719248,Simba16,0,1,
987,2351319795342783773,Twofivesixbot,1,0,1.0
988,8714941210391126980,Lockal,0,0,1.0
989,2292502927616969476,Tahmid02016,0,0,1.0
990,6199352125059351936,Malhiermalda,0,0,
991,4717023373248087479,Thoasp,0,0,
992,7305436989528712952,JarBot,1,1,
993,6987473619963675381,Ameisenigel,0,0,1.0
994,8239240107329352915,Amasuela,0,0,1.0
995,7854486643780254470,Masem,0,1,
996,1630853058144041359,Lovetodai,0,0,
997,4024724291443276056,Rabe!,0,0,1.0
998,1317167612443317841,SchlurcherBot,1,0,1.0
999,4307798303603259736,SK2242,0,1,
